id,name,model_id,group_id/id,operation,domain
access_realestate_property_user,access_realestate_property_user,realestate.property,real_estate_nacho.group_real_estate_user,cru,"['|',('user_id','=',user.id),('user_id','=',False)]"
access_realestate_property_manager,access_realestate_property_manager,realestate.property,real_estate_nacho.group_real_estate_manager,crud,
access_realestate_visit_user,access_realestate_visit_user,realestate.visit,real_estate_nacho.group_real_estate_user,cru,
access_realestate_visit_manager,access_realestate_visit_manager,realestate.visit,real_estate_nacho.group_real_estate_manager,crud,
access_real_estate_category_user,access_real_estate_category_user,realestate.category,real_estate_nacho.group_real_estate_user,cru,
access_real_estate_category_manager,access_real_estate_category_manager,realestate.category,real_estate_nacho.group_real_estate_manager,crud,
access_realestate_offer_user,access_realestate_offer_user,realestate.offer,real_estate_nacho.group_real_estate_user,cru,
access_realestate_offer_manager,access_realestate_offer_manager,realestate.offer,real_estate_nacho.group_real_estate_manager,crud,
access_realestate_contract_user,access_realestate_contract_user,realestate.contract,real_estate_nacho.group_real_estate_user,cru,
access_realestate_contract_manager,access_realestate_contract_manager,realestate.contract,real_estate_nacho.group_real_estate_manager,crud,
access_realestate_property_stage,access_realestate_property_stage,realestate.property.stage,base.group_user,crud,
access_realestate_property_image,access_realestate_property_image,realestate.property.image,base.group_user,crud,
access_realestate_property_incident,access_realestate_property_incident,realestate.property.incident,base.group_user,crud,
access_realestate_property_change_stage,access_realestate_property_change_stage,realestate.property.change.stage,base.group_user,crud,
access_realestate_property_schedule_visits,access_realestate_property_schedule_visits,realestate.property.schedule.visits,base.group_user,crud,
access_realestate_visit_change_state,access_realestate_visit_change_state,realestate.visit.change.state,base.group_user,crud,
access_realestate_property_tag,access_realestate_property_tag,realestate.property.tag,base.group_user,crud,
access_realestate_agent,access_realestate_agent,realestate.agent,base.group_user,crud,
access_realestate_owner,access_realestate_owner,realestate.owner,base.group_user,crud,
